<manifest version="1.0" type="device" target-level="3">
    <hal format="hidl">
        <name>android.hardware.audio</name>
        <transport>hwbinder</transport>
        <version>4.0</version>
        <interface>
            <name>IDevicesFactory</name>
            <instance>default</instance>
        </interface>
        <fqname>@4.0::IDevicesFactory/default</fqname>
    </hal>
    <hal format="hidl">
        <name>android.hardware.audio.effect</name>
        <transport>hwbinder</transport>
        <version>4.0</version>
        <interface>
            <name>IEffectsFactory</name>
            <instance>default</instance>
        </interface>
        <fqname>@4.0::IEffectsFactory/default</fqname>
    </hal>
    <hal format="hidl">
        <name>android.hardware.bluetooth</name>
        <transport>hwbinder</transport>
        <version>1.0</version>
        <interface>
            <name>IBluetoothHci</name>
            <instance>default</instance>
        </interface>
        <fqname>@1.0::IBluetoothHci/default</fqname>
    </hal>
    <hal format="hidl">
        <name>android.hardware.camera.provider</name>
        <transport>hwbinder</transport>
        <version>2.4</version>
        <interface>
            <name>ICameraProvider</name>
            <instance>internal/0</instance>
        </interface>
        <fqname>@2.4::ICameraProvider/internal/0</fqname>
    </hal>
    <hal format="hidl">
        <name>android.hardware.cas</name>
        <transport>hwbinder</transport>
        <version>1.0</version>
        <interface>
            <name>IMediaCasService</name>
            <instance>default</instance>
        </interface>
        <fqname>@1.0::IMediaCasService/default</fqname>
    </hal>
    <hal format="hidl">
        <name>android.hardware.configstore</name>
        <transport>hwbinder</transport>
        <version>1.1</version>
        <interface>
            <name>ISurfaceFlingerConfigs</name>
            <instance>default</instance>
        </interface>
        <fqname>@1.1::ISurfaceFlingerConfigs/default</fqname>
    </hal>
    <hal format="hidl">
        <name>android.hardware.drm</name>
        <transport>hwbinder</transport>
        <version>1.0</version>
        <interface>
            <name>ICryptoFactory</name>
            <instance>default</instance>
        </interface>
        <interface>
            <name>IDrmFactory</name>
            <instance>default</instance>
        </interface>
        <fqname>@1.0::ICryptoFactory/default</fqname>
        <fqname>@1.0::IDrmFactory/default</fqname>
        <fqname>@1.1::ICryptoFactory/clearkey</fqname>
        <fqname>@1.1::ICryptoFactory/widevine</fqname>
        <fqname>@1.1::IDrmFactory/clearkey</fqname>
        <fqname>@1.1::IDrmFactory/widevine</fqname>
    </hal>
    <hal format="hidl">
        <name>android.hardware.gatekeeper</name>
        <transport>hwbinder</transport>
        <version>1.0</version>
        <interface>
            <name>IGatekeeper</name>
            <instance>default</instance>
        </interface>
        <fqname>@1.0::IGatekeeper/default</fqname>
    </hal>
    <hal format="hidl">
        <name>android.hardware.gnss</name>
        <transport>hwbinder</transport>
        <version>1.0</version>
        <interface>
            <name>IGnss</name>
            <instance>default</instance>
        </interface>
        <fqname>@1.0::IGnss/default</fqname>
    </hal>
    <hal format="hidl">
        <name>android.hardware.graphics.allocator</name>
        <transport>hwbinder</transport>
        <version>2.0</version>
        <interface>
            <name>IAllocator</name>
            <instance>default</instance>
        </interface>
        <fqname>@2.0::IAllocator/default</fqname>
    </hal>
    <hal format="hidl">
        <name>android.hardware.graphics.composer</name>
        <transport>hwbinder</transport>
        <version>2.1</version>
        <interface>
            <name>IComposer</name>
            <instance>default</instance>
        </interface>
        <fqname>@2.1::IComposer/default</fqname>
    </hal>
    <hal format="hidl">
        <name>android.hardware.graphics.mapper</name>
        <transport arch="32+64">passthrough</transport>
        <version>2.0</version>
        <interface>
            <name>IMapper</name>
            <instance>default</instance>
        </interface>
        <fqname>@2.0::IMapper/default</fqname>
    </hal>
    <hal format="hidl">
        <name>android.hardware.health</name>
        <transport>hwbinder</transport>
        <version>2.0</version>
        <interface>
            <name>IHealth</name>
            <instance>default</instance>
        </interface>
        <fqname>@2.0::IHealth/default</fqname>
    </hal>
    <hal format="hidl">
        <name>android.hardware.keymaster</name>
        <transport>hwbinder</transport>
        <version>3.0</version>
        <interface>
            <name>IKeymasterDevice</name>
            <instance>default</instance>
        </interface>
        <fqname>@3.0::IKeymasterDevice/default</fqname>
    </hal>
    <hal format="hidl">
        <name>android.hardware.light</name>
        <transport>hwbinder</transport>
        <version>2.0</version>
        <interface>
            <name>ILight</name>
            <instance>default</instance>
        </interface>
        <fqname>@2.0::ILight/default</fqname>
    </hal>
    <hal format="hidl">
        <name>android.hardware.media.omx</name>
        <transport>hwbinder</transport>
        <version>1.0</version>
        <interface>
            <name>IOmx</name>
            <instance>default</instance>
        </interface>
        <interface>
            <name>IOmxStore</name>
            <instance>default</instance>
        </interface>
        <fqname>@1.0::IOmx/default</fqname>
        <fqname>@1.0::IOmxStore/default</fqname>
    </hal>
    <hal format="hidl">
        <name>android.hardware.memtrack</name>
        <transport>hwbinder</transport>
        <version>1.0</version>
        <interface>
            <name>IMemtrack</name>
            <instance>default</instance>
        </interface>
        <fqname>@1.0::IMemtrack/default</fqname>
    </hal>
    <hal format="hidl">
        <name>android.hardware.power</name>
        <transport>hwbinder</transport>
        <version>1.2</version>
        <interface>
            <name>IPower</name>
            <instance>default</instance>
        </interface>
        <fqname>@1.2::IPower/default</fqname>
    </hal>
    <hal format="hidl">
        <name>android.hardware.radio</name>
        <transport>hwbinder</transport>
        <version>1.2</version>
        <interface>
            <name>IRadio</name>
            <instance>imsrild1</instance>
            <instance>imsrild2</instance>
            <instance>se1</instance>
            <instance>se2</instance>
            <instance>slot1</instance>
            <instance>slot2</instance>
        </interface>
        <interface>
            <name>ISap</name>
            <instance>slot1</instance>
            <instance>slot2</instance>
        </interface>
        <fqname>@1.2::IRadio/imsrild1</fqname>
        <fqname>@1.2::IRadio/imsrild2</fqname>
        <fqname>@1.2::IRadio/se1</fqname>
        <fqname>@1.2::IRadio/se2</fqname>
        <fqname>@1.2::IRadio/slot1</fqname>
        <fqname>@1.2::IRadio/slot2</fqname>
        <fqname>@1.2::ISap/slot1</fqname>
        <fqname>@1.2::ISap/slot2</fqname>
    </hal>
    <hal format="hidl">
        <name>android.hardware.sensors</name>
        <transport>hwbinder</transport>
        <version>1.0</version>
        <interface>
            <name>ISensors</name>
            <instance>default</instance>
        </interface>
        <fqname>@1.0::ISensors/default</fqname>
    </hal>
    <hal format="hidl">
        <name>android.hardware.thermal</name>
        <transport>hwbinder</transport>
        <version>1.0</version>
        <interface>
            <name>IThermal</name>
            <instance>default</instance>
        </interface>
        <fqname>@1.0::IThermal/default</fqname>
    </hal>
    <hal format="hidl">
        <name>android.hardware.usb</name>
        <transport>hwbinder</transport>
        <version>1.1</version>
        <interface>
            <name>IUsb</name>
            <instance>default</instance>
        </interface>
        <fqname>@1.1::IUsb/default</fqname>
    </hal>
    <hal format="hidl">
        <name>android.hardware.vibrator</name>
        <transport>hwbinder</transport>
        <version>1.0</version>
        <interface>
            <name>IVibrator</name>
            <instance>default</instance>
        </interface>
        <fqname>@1.0::IVibrator/default</fqname>
    </hal>
    <hal format="hidl">
        <name>android.hardware.wifi</name>
        <transport>hwbinder</transport>
        <version>1.2</version>
        <interface>
            <name>IWifi</name>
            <instance>default</instance>
        </interface>
        <fqname>@1.2::IWifi/default</fqname>
    </hal>
    <hal format="hidl">
        <name>android.hardware.wifi.hostapd</name>
        <transport>hwbinder</transport>
        <version>1.0</version>
        <interface>
            <name>IHostapd</name>
            <instance>default</instance>
        </interface>
        <fqname>@1.0::IHostapd/default</fqname>
    </hal>
    <hal format="hidl">
        <name>android.hardware.wifi.supplicant</name>
        <transport>hwbinder</transport>
        <version>1.1</version>
        <interface>
            <name>ISupplicant</name>
            <instance>default</instance>
        </interface>
        <fqname>@1.1::ISupplicant/default</fqname>
    </hal>
    <hal format="hidl">
        <name>vendor.fih.hardware.box</name>
        <transport>hwbinder</transport>
        <version>1.0</version>
        <interface>
            <name>IBox</name>
            <instance>default</instance>
        </interface>
        <fqname>@1.0::IBox/default</fqname>
    </hal>
    <hal format="hidl">
        <name>vendor.mediatek.hardware.atci</name>
        <transport>hwbinder</transport>
        <version>1.0</version>
        <interface>
            <name>IAtcid</name>
            <instance>default</instance>
        </interface>
        <fqname>@1.0::IAtcid/default</fqname>
    </hal>
    <hal format="hidl">
        <name>vendor.mediatek.hardware.camera.ccap</name>
        <transport>hwbinder</transport>
        <version>1.0</version>
        <interface>
            <name>ICCAPControl</name>
            <instance>internal/0</instance>
        </interface>
        <fqname>@1.0::ICCAPControl/internal/0</fqname>
    </hal>
    <hal format="hidl">
        <name>vendor.mediatek.hardware.camera.lomoeffect</name>
        <transport>hwbinder</transport>
        <version>1.0</version>
        <interface>
            <name>ILomoEffect</name>
            <instance>internal/0</instance>
        </interface>
        <fqname>@1.0::ILomoEffect/internal/0</fqname>
    </hal>
    <hal format="hidl">
        <name>vendor.mediatek.hardware.dfps</name>
        <transport>hwbinder</transport>
        <version>1.0</version>
        <interface>
            <name>IFpsPolicyService</name>
            <instance>default</instance>
        </interface>
        <fqname>@1.0::IFpsPolicyService/default</fqname>
    </hal>
    <hal format="hidl">
        <name>vendor.mediatek.hardware.engineermode</name>
        <transport>hwbinder</transport>
        <version>1.0</version>
        <interface>
            <name>IEmd</name>
            <instance>EmHidlServer</instance>
        </interface>
        <fqname>@1.0::IEmd/EmHidlServer</fqname>
    </hal>
    <hal format="hidl">
        <name>vendor.mediatek.hardware.gnss</name>
        <transport>hwbinder</transport>
        <version>1.1</version>
        <interface>
            <name>IMtkGnss</name>
            <instance>default</instance>
        </interface>
        <fqname>@1.1::IMtkGnss/default</fqname>
    </hal>
    <hal format="hidl">
        <name>vendor.mediatek.hardware.keymaster_attestation</name>
        <transport>hwbinder</transport>
        <version>1.1</version>
        <interface>
            <name>IKeymasterDevice</name>
            <instance>default</instance>
        </interface>
        <fqname>@1.1::IKeymasterDevice/default</fqname>
    </hal>
    <hal format="hidl">
        <name>vendor.mediatek.hardware.lbs</name>
        <transport>hwbinder</transport>
        <version>1.0</version>
        <interface>
            <name>ILbs</name>
            <instance>AgpsDebugInterface</instance>
            <instance>AgpsInterface</instance>
            <instance>mtk_agps2framework</instance>
            <instance>mtk_debugService2mnld</instance>
            <instance>mtk_framework2agps</instance>
            <instance>mtk_lbs_log_v2s</instance>
            <instance>mtk_lppe_socket_agps</instance>
            <instance>mtk_lppe_socket_bt</instance>
            <instance>mtk_lppe_socket_ipaddr</instance>
            <instance>mtk_lppe_socket_lbs</instance>
            <instance>mtk_lppe_socket_network</instance>
            <instance>mtk_lppe_socket_sensor</instance>
            <instance>mtk_lppe_socket_wlan</instance>
            <instance>mtk_meta2mnld</instance>
            <instance>mtk_mnld2debugService</instance>
            <instance>mtk_mnld2mtklogger</instance>
            <instance>mtk_mnld2nlputils</instance>
            <instance>mtk_mtklogger2mnld</instance>
        </interface>
        <fqname>@1.0::ILbs/AgpsDebugInterface</fqname>
        <fqname>@1.0::ILbs/AgpsInterface</fqname>
        <fqname>@1.0::ILbs/mtk_agps2framework</fqname>
        <fqname>@1.0::ILbs/mtk_debugService2mnld</fqname>
        <fqname>@1.0::ILbs/mtk_framework2agps</fqname>
        <fqname>@1.0::ILbs/mtk_lbs_log_v2s</fqname>
        <fqname>@1.0::ILbs/mtk_lppe_socket_agps</fqname>
        <fqname>@1.0::ILbs/mtk_lppe_socket_bt</fqname>
        <fqname>@1.0::ILbs/mtk_lppe_socket_ipaddr</fqname>
        <fqname>@1.0::ILbs/mtk_lppe_socket_lbs</fqname>
        <fqname>@1.0::ILbs/mtk_lppe_socket_network</fqname>
        <fqname>@1.0::ILbs/mtk_lppe_socket_sensor</fqname>
        <fqname>@1.0::ILbs/mtk_lppe_socket_wlan</fqname>
        <fqname>@1.0::ILbs/mtk_meta2mnld</fqname>
        <fqname>@1.0::ILbs/mtk_mnld2debugService</fqname>
        <fqname>@1.0::ILbs/mtk_mnld2mtklogger</fqname>
        <fqname>@1.0::ILbs/mtk_mnld2nlputils</fqname>
        <fqname>@1.0::ILbs/mtk_mtklogger2mnld</fqname>
    </hal>
    <hal format="hidl">
        <name>vendor.mediatek.hardware.log</name>
        <transport>hwbinder</transport>
        <version>1.0</version>
        <interface>
            <name>ILog</name>
            <instance>MobileLogHidlServer</instance>
            <instance>ModemLogHidlServer</instance>
            <instance>aee</instance>
            <instance>default</instance>
        </interface>
        <fqname>@1.0::ILog/MobileLogHidlServer</fqname>
        <fqname>@1.0::ILog/ModemLogHidlServer</fqname>
        <fqname>@1.0::ILog/aee</fqname>
        <fqname>@1.0::ILog/default</fqname>
    </hal>
    <hal format="hidl">
        <name>vendor.mediatek.hardware.mtkcodecservice</name>
        <transport>hwbinder</transport>
        <version>1.1</version>
        <interface>
            <name>IMtkCodecService</name>
            <instance>default</instance>
        </interface>
        <fqname>@1.1::IMtkCodecService/default</fqname>
    </hal>
    <hal format="hidl">
        <name>vendor.mediatek.hardware.netdagent</name>
        <transport>hwbinder</transport>
        <version>1.0</version>
        <interface>
            <name>INetdagent</name>
            <instance>default</instance>
        </interface>
        <fqname>@1.0::INetdagent/default</fqname>
    </hal>
    <hal format="hidl">
        <name>vendor.mediatek.hardware.nvram</name>
        <transport>hwbinder</transport>
        <version>1.1</version>
        <interface>
            <name>INvram</name>
            <instance>default</instance>
        </interface>
        <fqname>@1.1::INvram/default</fqname>
    </hal>
    <hal format="hidl">
        <name>vendor.mediatek.hardware.power</name>
        <transport>hwbinder</transport>
        <version>2.0</version>
        <interface>
            <name>IPower</name>
            <instance>default</instance>
        </interface>
        <fqname>@2.0::IPower/default</fqname>
    </hal>
    <hal format="hidl">
        <name>vendor.mediatek.hardware.pq</name>
        <transport>hwbinder</transport>
        <version>2.1</version>
        <interface>
            <name>IPictureQuality</name>
            <instance>default</instance>
        </interface>
        <fqname>@2.1::IPictureQuality/default</fqname>
    </hal>
    <hal format="hidl">
        <name>vendor.mediatek.hardware.radio</name>
        <transport>hwbinder</transport>
        <version>3.0</version>
        <interface>
            <name>IRadio</name>
            <instance>imsrild1</instance>
            <instance>imsrild2</instance>
            <instance>se1</instance>
            <instance>se2</instance>
            <instance>slot1</instance>
            <instance>slot2</instance>
        </interface>
        <interface>
            <name>ISap</name>
            <instance>slot1</instance>
            <instance>slot2</instance>
        </interface>
        <fqname>@3.0::IRadio/imsrild1</fqname>
        <fqname>@3.0::IRadio/imsrild2</fqname>
        <fqname>@3.0::IRadio/se1</fqname>
        <fqname>@3.0::IRadio/se2</fqname>
        <fqname>@3.0::IRadio/slot1</fqname>
        <fqname>@3.0::IRadio/slot2</fqname>
        <fqname>@3.0::ISap/slot1</fqname>
        <fqname>@3.0::ISap/slot2</fqname>
    </hal>
    <hal format="hidl">
        <name>vendor.mediatek.hardware.radio_op</name>
        <transport>hwbinder</transport>
        <version>1.1</version>
        <interface>
            <name>IRadioOp</name>
            <instance>OpImsRILd1</instance>
            <instance>OpImsRILd2</instance>
            <instance>slot1</instance>
            <instance>slot2</instance>
        </interface>
        <fqname>@1.1::IRadioOp/OpImsRILd1</fqname>
        <fqname>@1.1::IRadioOp/OpImsRILd2</fqname>
        <fqname>@1.1::IRadioOp/slot1</fqname>
        <fqname>@1.1::IRadioOp/slot2</fqname>
    </hal>
    <hal format="hidl">
        <name>vendor.mediatek.hardware.videotelephony</name>
        <transport>hwbinder</transport>
        <version>1.0</version>
        <interface>
            <name>IVideoTelephony</name>
            <instance>default</instance>
        </interface>
        <fqname>@1.0::IVideoTelephony/default</fqname>
    </hal>
    <hal format="hidl">
        <name>vendor.mediatek.hardware.wifi.hostapd</name>
        <transport>hwbinder</transport>
        <version>2.0</version>
        <interface>
            <name>IHostapd</name>
            <instance>default</instance>
        </interface>
        <fqname>@2.0::IHostapd/default</fqname>
    </hal>
    <hal format="hidl">
        <name>vendor.mediatek.hardware.wifi.supplicant</name>
        <transport>hwbinder</transport>
        <version>2.0</version>
        <interface>
            <name>ISupplicant</name>
            <instance>default</instance>
        </interface>
        <fqname>@2.0::ISupplicant/default</fqname>
    </hal>
    <hal format="hidl">
        <name>vendor.trustonic.tee</name>
        <transport>hwbinder</transport>
        <version>1.0</version>
        <interface>
            <name>ITee</name>
            <instance>default</instance>
        </interface>
        <fqname>@1.0::ITee/default</fqname>
    </hal>
    <hal format="hidl">
        <name>vendor.trustonic.teeregistry</name>
        <transport>hwbinder</transport>
        <version>1.0</version>
        <interface>
            <name>ITeeRegistry</name>
            <instance>default</instance>
        </interface>
        <fqname>@1.0::ITeeRegistry/default</fqname>
    </hal>
    <sepolicy>
        <version>28.0</version>
    </sepolicy>
</manifest>
