<compatibility-matrix version="1.0" type="device">
    <hal format="hidl" optional="false">
        <name>android.frameworks.schedulerservice</name>
        <version>1.0</version>
    </hal>
    <hal format="hidl" optional="false">
        <name>android.frameworks.sensorservice</name>
        <version>1.0</version>
    </hal>
    <hal format="hidl" optional="false">
        <name>android.hidl.allocator</name>
        <version>1.0</version>
    </hal>
    <hal format="hidl" optional="false">
        <name>android.hidl.manager</name>
        <version>1.0</version>
    </hal>
    <hal format="hidl" optional="false">
        <name>android.hidl.memory</name>
        <version>1.0</version>
    </hal>
    <hal format="hidl" optional="false">
        <name>android.hidl.token</name>
        <version>1.0</version>
    </hal>
    <hal format="hidl" optional="false">
        <name>android.system.wifi.keystore</name>
        <version>1.0</version>
    </hal>
    <hal format="hidl" optional="true">
        <name>vendor.fih.hardware.box</name>
        <version>1.0</version>
        <interface>
            <name>IBox</name>
            <instance>default</instance>
        </interface>
    </hal>
    <vendor-ndk>
        <version>28</version>
    </vendor-ndk>
    <system-sdk>
        <version>28</version>
    </system-sdk>
</compatibility-matrix>
